Trade Date,Underlying,Product Type,Exchange,Volume
2020/04/03,CAT,S,BATS,1514
2020/04/03,CAT,S,C2,176
2020/04/03,CAT,S,CBOE,3254
2020/04/03,CAT,S,EDGX,886
2020/04/06,CAT,S,BATS,1212
2020/04/06,CAT,S,C2,392
2020/04/06,CAT,S,CBOE,3674
2020/04/06,CAT,S,EDGX,805
2020/04/07,CAT,S,BATS,3509
2020/04/07,CAT,S,C2,1123
2020/04/07,CAT,S,CBOE,8070
2020/04/07,CAT,S,EDGX,3287
2020/04/08,CAT,S,BATS,2486
2020/04/08,CAT,S,C2,281
2020/04/08,CAT,S,CBOE,4315
2020/04/08,CAT,S,EDGX,1390
2020/04/09,CAT,S,BATS,2181
2020/04/09,CAT,S,C2,600
2020/04/09,CAT,S,CBOE,4106
2020/04/09,CAT,S,EDGX,1501
2020/04/13,CAT,S,BATS,3958
2020/04/13,CAT,S,C2,915
2020/04/13,CAT,S,CBOE,8213
2020/04/13,CAT,S,EDGX,2555
2020/04/14,CAT,S,BATS,1987
2020/04/14,CAT,S,C2,459
2020/04/14,CAT,S,CBOE,3544
2020/04/14,CAT,S,EDGX,878
2020/04/15,CAT,S,BATS,2059
2020/04/15,CAT,S,C2,558
2020/04/15,CAT,S,CBOE,4755
2020/04/15,CAT,S,EDGX,839
2020/04/16,CAT,S,BATS,3245
2020/04/16,CAT,S,C2,445
2020/04/16,CAT,S,CBOE,7882
2020/04/16,CAT,S,EDGX,1131
2020/04/17,CAT,S,BATS,3203
2020/04/17,CAT,S,C2,833
2020/04/17,CAT,S,CBOE,5896
2020/04/17,CAT,S,EDGX,1054
2020/04/20,CAT,S,BATS,1807
2020/04/20,CAT,S,C2,374
2020/04/20,CAT,S,CBOE,2486
2020/04/20,CAT,S,EDGX,945
2020/04/21,CAT,S,BATS,1579
2020/04/21,CAT,S,C2,340
2020/04/21,CAT,S,CBOE,2751
2020/04/21,CAT,S,EDGX,1104
2020/04/22,CAT,S,BATS,2379
2020/04/22,CAT,S,C2,173
2020/04/22,CAT,S,CBOE,6787
2020/04/22,CAT,S,EDGX,434
2020/04/23,CAT,S,BATS,2997
2020/04/23,CAT,S,C2,177
2020/04/23,CAT,S,CBOE,4316
2020/04/23,CAT,S,EDGX,1013
2020/04/24,CAT,S,BATS,1138
2020/04/24,CAT,S,C2,177
2020/04/24,CAT,S,CBOE,3023
2020/04/24,CAT,S,EDGX,535
2020/04/27,CAT,S,BATS,4676
2020/04/27,CAT,S,C2,912
2020/04/27,CAT,S,CBOE,12155
2020/04/27,CAT,S,EDGX,3186
2020/04/28,CAT,S,BATS,5658
2020/04/28,CAT,S,C2,699
2020/04/28,CAT,S,CBOE,10291
2020/04/28,CAT,S,EDGX,2426
2020/04/29,CAT,S,BATS,4536
2020/04/29,CAT,S,C2,270
2020/04/29,CAT,S,CBOE,9304
2020/04/29,CAT,S,EDGX,1274
2020/04/30,CAT,S,BATS,2429
2020/04/30,CAT,S,C2,418
2020/04/30,CAT,S,CBOE,5589
2020/04/30,CAT,S,EDGX,749
2020/05/01,CAT,S,BATS,1632
2020/05/01,CAT,S,C2,326
2020/05/01,CAT,S,CBOE,6172
2020/05/01,CAT,S,EDGX,1218
2020/05/04,CAT,S,BATS,1024
2020/05/04,CAT,S,C2,206
2020/05/04,CAT,S,CBOE,5027
2020/05/04,CAT,S,EDGX,1005
2020/05/05,CAT,S,BATS,1036
2020/05/05,CAT,S,C2,208
2020/05/05,CAT,S,CBOE,3045
2020/05/05,CAT,S,EDGX,781
2020/05/06,CAT,S,BATS,1091
2020/05/06,CAT,S,C2,28
2020/05/06,CAT,S,CBOE,1883
2020/05/06,CAT,S,EDGX,561
2020/05/07,CAT,S,BATS,1189
2020/05/07,CAT,S,C2,25
2020/05/07,CAT,S,CBOE,2533
2020/05/07,CAT,S,EDGX,423
2020/05/08,CAT,S,BATS,2122
2020/05/08,CAT,S,C2,501
2020/05/08,CAT,S,CBOE,5171
2020/05/08,CAT,S,EDGX,1123
2020/05/11,CAT,S,BATS,1326
2020/05/11,CAT,S,C2,877
2020/05/11,CAT,S,CBOE,2906
2020/05/11,CAT,S,EDGX,895
2020/05/12,CAT,S,BATS,1619
2020/05/12,CAT,S,C2,227
2020/05/12,CAT,S,CBOE,5076
2020/05/12,CAT,S,EDGX,725
2020/05/13,CAT,S,BATS,2108
2020/05/13,CAT,S,C2,311
2020/05/13,CAT,S,CBOE,4080
2020/05/13,CAT,S,EDGX,1031
2020/05/14,CAT,S,BATS,1868
2020/05/14,CAT,S,C2,269
2020/05/14,CAT,S,CBOE,3824
2020/05/14,CAT,S,EDGX,897
2020/05/15,CAT,S,BATS,1229
2020/05/15,CAT,S,C2,143
2020/05/15,CAT,S,CBOE,2441
2020/05/15,CAT,S,EDGX,616
2020/05/18,CAT,S,BATS,2257
2020/05/18,CAT,S,C2,896
2020/05/18,CAT,S,CBOE,4031
2020/05/18,CAT,S,EDGX,1735
2020/05/19,CAT,S,BATS,1038
2020/05/19,CAT,S,C2,82
2020/05/19,CAT,S,CBOE,1548
2020/05/19,CAT,S,EDGX,233
2020/05/20,CAT,S,BATS,3134
2020/05/20,CAT,S,C2,443
2020/05/20,CAT,S,CBOE,3428
2020/05/20,CAT,S,EDGX,596
2020/05/21,CAT,S,BATS,1350
2020/05/21,CAT,S,C2,192
2020/05/21,CAT,S,CBOE,1996
2020/05/21,CAT,S,EDGX,476
2020/05/22,CAT,S,BATS,1416
2020/05/22,CAT,S,C2,176
2020/05/22,CAT,S,CBOE,3983
2020/05/22,CAT,S,EDGX,633
2020/05/26,CAT,S,BATS,1987
2020/05/26,CAT,S,C2,749
2020/05/26,CAT,S,CBOE,3545
2020/05/26,CAT,S,EDGX,1889
2020/05/27,CAT,S,BATS,1985
2020/05/27,CAT,S,C2,1196
2020/05/27,CAT,S,CBOE,3686
2020/05/27,CAT,S,EDGX,1185
2020/05/28,CAT,S,BATS,1133
2020/05/28,CAT,S,C2,160
2020/05/28,CAT,S,CBOE,3809
2020/05/28,CAT,S,EDGX,843
2020/05/29,CAT,S,BATS,2087
2020/05/29,CAT,S,C2,336
2020/05/29,CAT,S,CBOE,3309
2020/05/29,CAT,S,EDGX,795
2020/06/01,CAT,S,BATS,543
2020/06/01,CAT,S,C2,59
2020/06/01,CAT,S,CBOE,1310
2020/06/01,CAT,S,EDGX,355
2020/06/02,CAT,S,BATS,810
2020/06/02,CAT,S,C2,230
2020/06/02,CAT,S,CBOE,2456
2020/06/02,CAT,S,EDGX,517
2020/06/03,CAT,S,BATS,1315
2020/06/03,CAT,S,C2,433
2020/06/03,CAT,S,CBOE,4171
2020/06/03,CAT,S,EDGX,1321
2020/06/04,CAT,S,BATS,1763
2020/06/04,CAT,S,C2,416
2020/06/04,CAT,S,CBOE,2790
2020/06/04,CAT,S,EDGX,1128
2020/06/05,CAT,S,BATS,2478
2020/06/05,CAT,S,C2,957
2020/06/05,CAT,S,CBOE,5338
2020/06/05,CAT,S,EDGX,1553
2020/06/08,CAT,S,BATS,1378
2020/06/08,CAT,S,C2,30
2020/06/08,CAT,S,CBOE,2001
2020/06/08,CAT,S,EDGX,512
2020/06/09,CAT,S,BATS,1117
2020/06/09,CAT,S,C2,157
2020/06/09,CAT,S,CBOE,2055
2020/06/09,CAT,S,EDGX,891
2020/06/10,CAT,S,BATS,2062
2020/06/10,CAT,S,C2,471
2020/06/10,CAT,S,CBOE,2109
2020/06/10,CAT,S,EDGX,566
2020/06/11,CAT,S,BATS,2238
2020/06/11,CAT,S,C2,373
2020/06/11,CAT,S,CBOE,4332
2020/06/11,CAT,S,EDGX,946
2020/06/12,CAT,S,BATS,1630
2020/06/12,CAT,S,C2,206
2020/06/12,CAT,S,CBOE,3714
2020/06/12,CAT,S,EDGX,1169
2020/06/15,CAT,S,BATS,564
2020/06/15,CAT,S,C2,110
2020/06/15,CAT,S,CBOE,1705
2020/06/15,CAT,S,EDGX,646
2020/06/16,CAT,S,BATS,3032
2020/06/16,CAT,S,C2,244
2020/06/16,CAT,S,CBOE,6760
2020/06/16,CAT,S,EDGX,1417
2020/06/17,CAT,S,BATS,1407
2020/06/17,CAT,S,C2,295
2020/06/17,CAT,S,CBOE,3590
2020/06/17,CAT,S,EDGX,728
2020/06/18,CAT,S,BATS,1037
2020/06/18,CAT,S,C2,92
2020/06/18,CAT,S,CBOE,2324
2020/06/18,CAT,S,EDGX,612
2020/06/19,CAT,S,BATS,1254
2020/06/19,CAT,S,C2,126
2020/06/19,CAT,S,CBOE,3776
2020/06/19,CAT,S,EDGX,823
2020/06/22,CAT,S,BATS,963
2020/06/22,CAT,S,C2,351
2020/06/22,CAT,S,CBOE,2070
2020/06/22,CAT,S,EDGX,493
2020/06/23,CAT,S,BATS,1453
2020/06/23,CAT,S,C2,195
2020/06/23,CAT,S,CBOE,1362
2020/06/23,CAT,S,EDGX,508
2020/06/24,CAT,S,BATS,718
2020/06/24,CAT,S,C2,221
2020/06/24,CAT,S,CBOE,2230
2020/06/24,CAT,S,EDGX,992
2020/06/25,CAT,S,BATS,978
2020/06/25,CAT,S,C2,110
2020/06/25,CAT,S,CBOE,1726
2020/06/25,CAT,S,EDGX,551
2020/06/26,CAT,S,BATS,570
2020/06/26,CAT,S,C2,42
2020/06/26,CAT,S,CBOE,1358
2020/06/26,CAT,S,EDGX,624
2020/06/29,CAT,S,BATS,607
2020/06/29,CAT,S,C2,266
2020/06/29,CAT,S,CBOE,2187
2020/06/29,CAT,S,EDGX,968
2020/06/30,CAT,S,BATS,524
2020/06/30,CAT,S,C2,260
2020/06/30,CAT,S,CBOE,1625
2020/06/30,CAT,S,EDGX,454
2020/07/01,CAT,S,BATS,1058
2020/07/01,CAT,S,C2,178
2020/07/01,CAT,S,CBOE,1538
2020/07/01,CAT,S,EDGX,613
2020/07/02,CAT,S,BATS,2178
2020/07/02,CAT,S,C2,92
2020/07/02,CAT,S,CBOE,2989
2020/07/02,CAT,S,EDGX,757
2020/07/06,CAT,S,BATS,1340
2020/07/06,CAT,S,C2,257
2020/07/06,CAT,S,CBOE,2688
2020/07/06,CAT,S,EDGX,895
2020/07/07,CAT,S,BATS,1122
2020/07/07,CAT,S,C2,162
2020/07/07,CAT,S,CBOE,1688
2020/07/07,CAT,S,EDGX,859
2020/07/08,CAT,S,BATS,1199
2020/07/08,CAT,S,C2,61
2020/07/08,CAT,S,CBOE,2102
2020/07/08,CAT,S,EDGX,1213
2020/07/09,CAT,S,BATS,1169
2020/07/09,CAT,S,C2,199
2020/07/09,CAT,S,CBOE,1709
2020/07/09,CAT,S,EDGX,510
2020/07/10,CAT,S,BATS,1376
2020/07/10,CAT,S,C2,359
2020/07/10,CAT,S,CBOE,1963
2020/07/10,CAT,S,EDGX,877
2020/07/13,CAT,S,BATS,2469
2020/07/13,CAT,S,C2,802
2020/07/13,CAT,S,CBOE,4225
2020/07/13,CAT,S,EDGX,1434
2020/07/14,CAT,S,BATS,3348
2020/07/14,CAT,S,C2,621
2020/07/14,CAT,S,CBOE,6554
2020/07/14,CAT,S,EDGX,1592
2020/07/15,CAT,S,BATS,2699
2020/07/15,CAT,S,C2,924
2020/07/15,CAT,S,CBOE,6405
2020/07/15,CAT,S,EDGX,1559
2020/07/16,CAT,S,BATS,2433
2020/07/16,CAT,S,C2,235
2020/07/16,CAT,S,CBOE,7079
2020/07/16,CAT,S,EDGX,2601
2020/07/17,CAT,S,BATS,1532
2020/07/17,CAT,S,C2,101
2020/07/17,CAT,S,CBOE,2439
2020/07/17,CAT,S,EDGX,485
2020/07/20,CAT,S,BATS,774
2020/07/20,CAT,S,C2,52
2020/07/20,CAT,S,CBOE,2720
2020/07/20,CAT,S,EDGX,414
2020/07/21,CAT,S,BATS,783
2020/07/21,CAT,S,C2,145
2020/07/21,CAT,S,CBOE,3139
2020/07/21,CAT,S,EDGX,918
2020/07/22,CAT,S,BATS,804
2020/07/22,CAT,S,C2,337
2020/07/22,CAT,S,CBOE,2764
2020/07/22,CAT,S,EDGX,588
2020/07/23,CAT,S,BATS,757
2020/07/23,CAT,S,C2,48
2020/07/23,CAT,S,CBOE,2416
2020/07/23,CAT,S,EDGX,445
2020/07/24,CAT,S,BATS,1725
2020/07/24,CAT,S,C2,65
2020/07/24,CAT,S,CBOE,4765
2020/07/24,CAT,S,EDGX,962
2020/07/27,CAT,S,BATS,1306
2020/07/27,CAT,S,C2,225
2020/07/27,CAT,S,CBOE,3964
2020/07/27,CAT,S,EDGX,600
2020/07/28,CAT,S,BATS,690
2020/07/28,CAT,S,C2,181
2020/07/28,CAT,S,CBOE,2404
2020/07/28,CAT,S,EDGX,319
2020/07/29,CAT,S,BATS,642
2020/07/29,CAT,S,C2,262
2020/07/29,CAT,S,CBOE,1581
2020/07/29,CAT,S,EDGX,896
2020/07/30,CAT,S,BATS,1958
2020/07/30,CAT,S,C2,1173
2020/07/30,CAT,S,CBOE,6420
2020/07/30,CAT,S,EDGX,2070
2020/07/31,CAT,S,BATS,3604
2020/07/31,CAT,S,C2,663
2020/07/31,CAT,S,CBOE,8718
2020/07/31,CAT,S,EDGX,2988
2020/08/03,CAT,S,BATS,1091
2020/08/03,CAT,S,C2,246
2020/08/03,CAT,S,CBOE,2343
2020/08/03,CAT,S,EDGX,564
2020/08/04,CAT,S,BATS,1102
2020/08/04,CAT,S,C2,260
2020/08/04,CAT,S,CBOE,1860
2020/08/04,CAT,S,EDGX,893
2020/08/05,CAT,S,BATS,3199
2020/08/05,CAT,S,C2,1150
2020/08/05,CAT,S,CBOE,5829
2020/08/05,CAT,S,EDGX,961
2020/08/06,CAT,S,BATS,889
2020/08/06,CAT,S,C2,266
2020/08/06,CAT,S,CBOE,1817
2020/08/06,CAT,S,EDGX,910
2020/08/07,CAT,S,BATS,1361
2020/08/07,CAT,S,C2,299
2020/08/07,CAT,S,CBOE,2824
2020/08/07,CAT,S,EDGX,489
2020/08/10,CAT,S,BATS,4312
2020/08/10,CAT,S,C2,1740
2020/08/10,CAT,S,CBOE,14353
2020/08/10,CAT,S,EDGX,3590
2020/08/11,CAT,S,BATS,3156
2020/08/11,CAT,S,C2,1313
2020/08/11,CAT,S,CBOE,9169
2020/08/11,CAT,S,EDGX,2820
2020/08/12,CAT,S,BATS,1307
2020/08/12,CAT,S,C2,428
2020/08/12,CAT,S,CBOE,2385
2020/08/12,CAT,S,EDGX,1296
2020/08/13,CAT,S,BATS,3002
2020/08/13,CAT,S,C2,1286
2020/08/13,CAT,S,CBOE,8860
2020/08/13,CAT,S,EDGX,2174
2020/08/14,CAT,S,BATS,1582
2020/08/14,CAT,S,C2,300
2020/08/14,CAT,S,CBOE,2397
2020/08/14,CAT,S,EDGX,769
2020/08/17,CAT,S,BATS,776
2020/08/17,CAT,S,C2,244
2020/08/17,CAT,S,CBOE,2317
2020/08/17,CAT,S,EDGX,659
2020/08/18,CAT,S,BATS,1110
2020/08/18,CAT,S,C2,203
2020/08/18,CAT,S,CBOE,2636
2020/08/18,CAT,S,EDGX,786
2020/08/19,CAT,S,BATS,1023
2020/08/19,CAT,S,C2,113
2020/08/19,CAT,S,CBOE,1556
2020/08/19,CAT,S,EDGX,529
2020/08/20,CAT,S,BATS,1367
2020/08/20,CAT,S,C2,376
2020/08/20,CAT,S,CBOE,2144
2020/08/20,CAT,S,EDGX,1643
2020/08/21,CAT,S,BATS,1020
2020/08/21,CAT,S,C2,469
2020/08/21,CAT,S,CBOE,8731
2020/08/21,CAT,S,EDGX,1152
2020/08/24,CAT,S,BATS,2564
2020/08/24,CAT,S,C2,576
2020/08/24,CAT,S,CBOE,3849
2020/08/24,CAT,S,EDGX,1344
2020/08/25,CAT,S,BATS,1926
2020/08/25,CAT,S,C2,428
2020/08/25,CAT,S,CBOE,3104
2020/08/25,CAT,S,EDGX,1008
2020/08/26,CAT,S,BATS,1688
2020/08/26,CAT,S,C2,278
2020/08/26,CAT,S,CBOE,1751
2020/08/26,CAT,S,EDGX,663
2020/08/27,CAT,S,BATS,1560
2020/08/27,CAT,S,C2,309
2020/08/27,CAT,S,CBOE,2338
2020/08/27,CAT,S,EDGX,575
2020/08/28,CAT,S,BATS,1358
2020/08/28,CAT,S,C2,452
2020/08/28,CAT,S,CBOE,3846
2020/08/28,CAT,S,EDGX,1257
2020/08/31,CAT,S,BATS,750
2020/08/31,CAT,S,C2,177
2020/08/31,CAT,S,CBOE,2034
2020/08/31,CAT,S,EDGX,617
2020/09/01,CAT,S,BATS,1019
2020/09/01,CAT,S,C2,131
2020/09/01,CAT,S,CBOE,1926
2020/09/01,CAT,S,EDGX,474
2020/09/02,CAT,S,BATS,2848
2020/09/02,CAT,S,C2,647
2020/09/02,CAT,S,CBOE,5650
2020/09/02,CAT,S,EDGX,1439
2020/09/03,CAT,S,BATS,2503
2020/09/03,CAT,S,C2,312
2020/09/03,CAT,S,CBOE,2539
2020/09/03,CAT,S,EDGX,1008
2020/09/04,CAT,S,BATS,2967
2020/09/04,CAT,S,C2,759
2020/09/04,CAT,S,CBOE,3626
2020/09/04,CAT,S,EDGX,1129
2020/09/08,CAT,S,BATS,1561
2020/09/08,CAT,S,C2,108
2020/09/08,CAT,S,CBOE,3656
2020/09/08,CAT,S,EDGX,897
2020/09/09,CAT,S,BATS,3652
2020/09/09,CAT,S,C2,415
2020/09/09,CAT,S,CBOE,4420
2020/09/09,CAT,S,EDGX,2063
2020/09/10,CAT,S,BATS,1255
2020/09/10,CAT,S,C2,169
2020/09/10,CAT,S,CBOE,2754
2020/09/10,CAT,S,EDGX,692
2020/09/11,CAT,S,BATS,3298
2020/09/11,CAT,S,C2,404
2020/09/11,CAT,S,CBOE,6077
2020/09/11,CAT,S,EDGX,1717
2020/09/14,CAT,S,BATS,805
2020/09/14,CAT,S,C2,137
2020/09/14,CAT,S,CBOE,1614
2020/09/14,CAT,S,EDGX,813
2020/09/15,CAT,S,BATS,1391
2020/09/15,CAT,S,C2,303
2020/09/15,CAT,S,CBOE,4468
2020/09/15,CAT,S,EDGX,1330
2020/09/16,CAT,S,BATS,1013
2020/09/16,CAT,S,C2,142
2020/09/16,CAT,S,CBOE,2810
2020/09/16,CAT,S,EDGX,806
2020/09/17,CAT,S,BATS,4464
2020/09/17,CAT,S,C2,989
2020/09/17,CAT,S,CBOE,5736
2020/09/17,CAT,S,EDGX,1647
2020/09/18,CAT,S,BATS,2486
2020/09/18,CAT,S,C2,376
2020/09/18,CAT,S,CBOE,3468
2020/09/18,CAT,S,EDGX,1200
2020/09/21,CAT,S,BATS,2210
2020/09/21,CAT,S,C2,385
2020/09/21,CAT,S,CBOE,4698
2020/09/21,CAT,S,EDGX,1562
2020/09/22,CAT,S,BATS,919
2020/09/22,CAT,S,C2,285
2020/09/22,CAT,S,CBOE,2186
2020/09/22,CAT,S,EDGX,484
2020/09/23,CAT,S,BATS,873
2020/09/23,CAT,S,C2,160
2020/09/23,CAT,S,CBOE,1701
2020/09/23,CAT,S,EDGX,482
2020/09/24,CAT,S,BATS,605
2020/09/24,CAT,S,C2,158
2020/09/24,CAT,S,CBOE,1993
2020/09/24,CAT,S,EDGX,542
2020/09/25,CAT,S,BATS,474
2020/09/25,CAT,S,C2,58
2020/09/25,CAT,S,CBOE,1581
2020/09/25,CAT,S,EDGX,320
2020/09/28,CAT,S,BATS,1072
2020/09/28,CAT,S,C2,82
2020/09/28,CAT,S,CBOE,2257
2020/09/28,CAT,S,EDGX,550
2020/09/29,CAT,S,BATS,612
2020/09/29,CAT,S,C2,71
2020/09/29,CAT,S,CBOE,1561
2020/09/29,CAT,S,EDGX,476
2020/09/30,CAT,S,BATS,831
2020/09/30,CAT,S,C2,120
2020/09/30,CAT,S,CBOE,1501
2020/09/30,CAT,S,EDGX,259
2020/10/01,CAT,S,BATS,660
2020/10/01,CAT,S,C2,99
2020/10/01,CAT,S,CBOE,2616
2020/10/01,CAT,S,EDGX,346
2020/10/02,CAT,S,BATS,1897
2020/10/02,CAT,S,C2,416
2020/10/02,CAT,S,CBOE,3827
2020/10/02,CAT,S,EDGX,659
2020/10/05,CAT,S,BATS,2593
2020/10/05,CAT,S,C2,440
2020/10/05,CAT,S,CBOE,3860
2020/10/05,CAT,S,EDGX,721
2020/10/06,CAT,S,BATS,1708
2020/10/06,CAT,S,C2,228
2020/10/06,CAT,S,CBOE,2212
2020/10/06,CAT,S,EDGX,529
2020/10/07,CAT,S,BATS,2188
2020/10/07,CAT,S,C2,117
2020/10/07,CAT,S,CBOE,2494
2020/10/07,CAT,S,EDGX,644
2020/10/08,CAT,S,BATS,1133
2020/10/08,CAT,S,C2,184
2020/10/08,CAT,S,CBOE,1568
2020/10/08,CAT,S,EDGX,379
2020/10/09,CAT,S,BATS,2470
2020/10/09,CAT,S,C2,232
2020/10/09,CAT,S,CBOE,4125
2020/10/09,CAT,S,EDGX,855
2020/10/12,CAT,S,BATS,2825
2020/10/12,CAT,S,C2,276
2020/10/12,CAT,S,CBOE,3890
2020/10/12,CAT,S,EDGX,849
2020/10/13,CAT,S,BATS,1257
2020/10/13,CAT,S,C2,138
2020/10/13,CAT,S,CBOE,2523
2020/10/13,CAT,S,EDGX,581
2020/10/14,CAT,S,BATS,1620
2020/10/14,CAT,S,C2,348
2020/10/14,CAT,S,CBOE,2707
2020/10/14,CAT,S,EDGX,529
2020/10/15,CAT,S,BATS,1602
2020/10/15,CAT,S,C2,253
2020/10/15,CAT,S,CBOE,3053
2020/10/15,CAT,S,EDGX,499
2020/10/16,CAT,S,BATS,4371
2020/10/16,CAT,S,C2,689
2020/10/16,CAT,S,CBOE,10955
2020/10/16,CAT,S,EDGX,1603
2020/10/19,CAT,S,BATS,1394
2020/10/19,CAT,S,C2,755
2020/10/19,CAT,S,CBOE,2689
2020/10/19,CAT,S,EDGX,336
2020/10/20,CAT,S,BATS,1130
2020/10/20,CAT,S,C2,76
2020/10/20,CAT,S,CBOE,2237
2020/10/20,CAT,S,EDGX,278
2020/10/21,CAT,S,BATS,907
2020/10/21,CAT,S,C2,117
2020/10/21,CAT,S,CBOE,1903
2020/10/21,CAT,S,EDGX,177
2020/10/22,CAT,S,BATS,1818
2020/10/22,CAT,S,C2,392
2020/10/22,CAT,S,CBOE,3273
2020/10/22,CAT,S,EDGX,306
2020/10/23,CAT,S,BATS,1695
2020/10/23,CAT,S,C2,167
2020/10/23,CAT,S,CBOE,1993
2020/10/23,CAT,S,EDGX,414
2020/10/26,CAT,S,BATS,3595
2020/10/26,CAT,S,C2,466
2020/10/26,CAT,S,CBOE,8413
2020/10/26,CAT,S,EDGX,1500
2020/10/27,CAT,S,BATS,2142
2020/10/27,CAT,S,C2,202
2020/10/27,CAT,S,CBOE,7391
2020/10/27,CAT,S,EDGX,1658
2020/10/28,CAT,S,BATS,1950
2020/10/28,CAT,S,C2,456
2020/10/28,CAT,S,CBOE,6085
2020/10/28,CAT,S,EDGX,966
2020/10/29,CAT,S,BATS,970
2020/10/29,CAT,S,C2,402
2020/10/29,CAT,S,CBOE,3107
2020/10/29,CAT,S,EDGX,754
2020/10/30,CAT,S,BATS,1369
2020/10/30,CAT,S,C2,306
2020/10/30,CAT,S,CBOE,4572
2020/10/30,CAT,S,EDGX,946
2020/11/02,CAT,S,BATS,1883
2020/11/02,CAT,S,C2,224
2020/11/02,CAT,S,CBOE,4718
2020/11/02,CAT,S,EDGX,1045
2020/11/03,CAT,S,BATS,2284
2020/11/03,CAT,S,C2,254
2020/11/03,CAT,S,CBOE,3544
2020/11/03,CAT,S,EDGX,690
2020/11/04,CAT,S,BATS,6086
2020/11/04,CAT,S,C2,875
2020/11/04,CAT,S,CBOE,8002
2020/11/04,CAT,S,EDGX,1834
2020/11/05,CAT,S,BATS,3064
2020/11/05,CAT,S,C2,571
2020/11/05,CAT,S,CBOE,5413
2020/11/05,CAT,S,EDGX,1280
2020/11/06,CAT,S,BATS,1462
2020/11/06,CAT,S,C2,343
2020/11/06,CAT,S,CBOE,2625
2020/11/06,CAT,S,EDGX,573
2020/11/09,CAT,S,BATS,2413
2020/11/09,CAT,S,C2,451
2020/11/09,CAT,S,CBOE,5871
2020/11/09,CAT,S,EDGX,2312
2020/11/10,CAT,S,BATS,2176
2020/11/10,CAT,S,C2,428
2020/11/10,CAT,S,CBOE,2750
2020/11/10,CAT,S,EDGX,1336
2020/11/11,CAT,S,BATS,2484
2020/11/11,CAT,S,C2,351
2020/11/11,CAT,S,CBOE,4896
2020/11/11,CAT,S,EDGX,1256
2020/11/12,CAT,S,BATS,2277
2020/11/12,CAT,S,C2,236
2020/11/12,CAT,S,CBOE,2318
2020/11/12,CAT,S,EDGX,452
2020/11/13,CAT,S,BATS,1170
2020/11/13,CAT,S,C2,69
2020/11/13,CAT,S,CBOE,2691
2020/11/13,CAT,S,EDGX,1216
2020/11/16,CAT,S,BATS,1532
2020/11/16,CAT,S,C2,83
2020/11/16,CAT,S,CBOE,2784
2020/11/16,CAT,S,EDGX,391
2020/11/17,CAT,S,BATS,1169
2020/11/17,CAT,S,C2,171
2020/11/17,CAT,S,CBOE,1976
2020/11/17,CAT,S,EDGX,626
2020/11/18,CAT,S,BATS,1088
2020/11/18,CAT,S,C2,121
2020/11/18,CAT,S,CBOE,2819
2020/11/18,CAT,S,EDGX,877
2020/11/19,CAT,S,BATS,3470
2020/11/19,CAT,S,C2,762
2020/11/19,CAT,S,CBOE,23838
2020/11/19,CAT,S,EDGX,1165
2020/11/20,CAT,S,BATS,1260
2020/11/20,CAT,S,C2,112
2020/11/20,CAT,S,CBOE,4753
2020/11/20,CAT,S,EDGX,970
2020/11/23,CAT,S,BATS,4592
2020/11/23,CAT,S,C2,528
2020/11/23,CAT,S,CBOE,3695
2020/11/23,CAT,S,EDGX,1585
2020/11/24,CAT,S,BATS,3630
2020/11/24,CAT,S,C2,503
2020/11/24,CAT,S,CBOE,6339
2020/11/24,CAT,S,EDGX,1215
2020/11/25,CAT,S,BATS,1724
2020/11/25,CAT,S,C2,196
2020/11/25,CAT,S,CBOE,2549
2020/11/25,CAT,S,EDGX,536
2020/11/27,CAT,S,BATS,680
2020/11/27,CAT,S,C2,204
2020/11/27,CAT,S,CBOE,2029
2020/11/27,CAT,S,EDGX,670
2020/11/30,CAT,S,BATS,835
2020/11/30,CAT,S,C2,151
2020/11/30,CAT,S,CBOE,2356
2020/11/30,CAT,S,EDGX,2581
2020/12/01,CAT,S,BATS,1341
2020/12/01,CAT,S,C2,103
2020/12/01,CAT,S,CBOE,2782
2020/12/01,CAT,S,EDGX,747
2020/12/02,CAT,S,BATS,683
2020/12/02,CAT,S,C2,214
2020/12/02,CAT,S,CBOE,984
2020/12/02,CAT,S,EDGX,413
2020/12/03,CAT,S,BATS,837
2020/12/03,CAT,S,C2,176
2020/12/03,CAT,S,CBOE,978
2020/12/03,CAT,S,EDGX,402
2020/12/04,CAT,S,BATS,3978
2020/12/04,CAT,S,C2,800
2020/12/04,CAT,S,CBOE,11103
2020/12/04,CAT,S,EDGX,2713
2020/12/07,CAT,S,BATS,1175
2020/12/07,CAT,S,C2,255
2020/12/07,CAT,S,CBOE,2436
2020/12/07,CAT,S,EDGX,785
2020/12/08,CAT,S,BATS,986
2020/12/08,CAT,S,C2,83
2020/12/08,CAT,S,CBOE,1461
2020/12/08,CAT,S,EDGX,442
2020/12/09,CAT,S,BATS,767
2020/12/09,CAT,S,C2,76
2020/12/09,CAT,S,CBOE,2545
2020/12/09,CAT,S,EDGX,1219
2020/12/10,CAT,S,BATS,725
2020/12/10,CAT,S,C2,337
2020/12/10,CAT,S,CBOE,1285
2020/12/10,CAT,S,EDGX,1172
2020/12/11,CAT,S,BATS,1190
2020/12/11,CAT,S,C2,486
2020/12/11,CAT,S,CBOE,4556
2020/12/11,CAT,S,EDGX,1836
2020/12/14,CAT,S,BATS,1743
2020/12/14,CAT,S,C2,522
2020/12/14,CAT,S,CBOE,2831
2020/12/14,CAT,S,EDGX,844
2020/12/15,CAT,S,BATS,833
2020/12/15,CAT,S,C2,85
2020/12/15,CAT,S,CBOE,3095
2020/12/15,CAT,S,EDGX,1242
2020/12/16,CAT,S,BATS,785
2020/12/16,CAT,S,C2,188
2020/12/16,CAT,S,CBOE,1616
2020/12/16,CAT,S,EDGX,547
2020/12/17,CAT,S,BATS,459
2020/12/17,CAT,S,C2,134
2020/12/17,CAT,S,CBOE,2577
2020/12/17,CAT,S,EDGX,505
2020/12/18,CAT,S,BATS,1721
2020/12/18,CAT,S,C2,216
2020/12/18,CAT,S,CBOE,2198
2020/12/18,CAT,S,EDGX,560
2020/12/21,CAT,S,BATS,961
2020/12/21,CAT,S,C2,111
2020/12/21,CAT,S,CBOE,1451
2020/12/21,CAT,S,EDGX,452
2020/12/22,CAT,S,BATS,1555
2020/12/22,CAT,S,C2,442
2020/12/22,CAT,S,CBOE,2136
2020/12/22,CAT,S,EDGX,3406
2020/12/23,CAT,S,BATS,1519
2020/12/23,CAT,S,C2,311
2020/12/23,CAT,S,CBOE,2460
2020/12/23,CAT,S,EDGX,291
2020/12/24,CAT,S,BATS,394
2020/12/24,CAT,S,C2,240
2020/12/24,CAT,S,CBOE,1517
2020/12/24,CAT,S,EDGX,383
2020/12/28,CAT,S,BATS,2143
2020/12/28,CAT,S,C2,564
2020/12/28,CAT,S,CBOE,2605
2020/12/28,CAT,S,EDGX,561
2020/12/29,CAT,S,BATS,859
2020/12/29,CAT,S,C2,195
2020/12/29,CAT,S,CBOE,2296
2020/12/29,CAT,S,EDGX,412
2020/12/30,CAT,S,BATS,2868
2020/12/30,CAT,S,C2,853
2020/12/30,CAT,S,CBOE,6111
2020/12/30,CAT,S,EDGX,864
2020/12/31,CAT,S,BATS,1729
2020/12/31,CAT,S,C2,468
2020/12/31,CAT,S,CBOE,1540
2020/12/31,CAT,S,EDGX,612
2021/01/04,CAT,S,BATS,2877
2021/01/04,CAT,S,C2,337
2021/01/04,CAT,S,CBOE,5087
2021/01/04,CAT,S,EDGX,632
2021/01/05,CAT,S,BATS,3296
2021/01/05,CAT,S,C2,575
2021/01/05,CAT,S,CBOE,4829
2021/01/05,CAT,S,EDGX,994
2021/01/06,CAT,S,BATS,5778
2021/01/06,CAT,S,C2,2329
2021/01/06,CAT,S,CBOE,11287
2021/01/06,CAT,S,EDGX,2004
2021/01/07,CAT,S,BATS,2655
2021/01/07,CAT,S,C2,847
2021/01/07,CAT,S,CBOE,3055
2021/01/07,CAT,S,EDGX,649
2021/01/08,CAT,S,BATS,2392
2021/01/08,CAT,S,C2,402
2021/01/08,CAT,S,CBOE,2321
2021/01/08,CAT,S,EDGX,863
2021/01/11,CAT,S,BATS,1296
2021/01/11,CAT,S,C2,340
2021/01/11,CAT,S,CBOE,2195
2021/01/11,CAT,S,EDGX,404
2021/01/12,CAT,S,BATS,1322
2021/01/12,CAT,S,C2,322
2021/01/12,CAT,S,CBOE,2410
2021/01/12,CAT,S,EDGX,401
2021/01/13,CAT,S,BATS,1674
2021/01/13,CAT,S,C2,450
2021/01/13,CAT,S,CBOE,5212
2021/01/13,CAT,S,EDGX,690
2021/01/14,CAT,S,BATS,1450
2021/01/14,CAT,S,C2,532
2021/01/14,CAT,S,CBOE,3436
2021/01/14,CAT,S,EDGX,693
2021/01/15,CAT,S,BATS,2795
2021/01/15,CAT,S,C2,1172
2021/01/15,CAT,S,CBOE,5008
2021/01/15,CAT,S,EDGX,1276
2021/01/19,CAT,S,BATS,999
2021/01/19,CAT,S,C2,242
2021/01/19,CAT,S,CBOE,1460
2021/01/19,CAT,S,EDGX,456
2021/01/20,CAT,S,BATS,1565
2021/01/20,CAT,S,C2,127
2021/01/20,CAT,S,CBOE,1935
2021/01/20,CAT,S,EDGX,506
2021/01/21,CAT,S,BATS,960
2021/01/21,CAT,S,C2,162
2021/01/21,CAT,S,CBOE,1807
2021/01/21,CAT,S,EDGX,314
2021/01/22,CAT,S,BATS,1144
2021/01/22,CAT,S,C2,114
2021/01/22,CAT,S,CBOE,2389
2021/01/22,CAT,S,EDGX,379
2021/01/25,CAT,S,BATS,934
2021/01/25,CAT,S,C2,322
2021/01/25,CAT,S,CBOE,1767
2021/01/25,CAT,S,EDGX,508
2021/01/26,CAT,S,BATS,625
2021/01/26,CAT,S,C2,164
2021/01/26,CAT,S,CBOE,1663
2021/01/26,CAT,S,EDGX,339
2021/01/27,CAT,S,BATS,1140
2021/01/27,CAT,S,C2,125
2021/01/27,CAT,S,CBOE,2316
2021/01/27,CAT,S,EDGX,2547
2021/01/28,CAT,S,BATS,2044
2021/01/28,CAT,S,C2,507
2021/01/28,CAT,S,CBOE,7182
2021/01/28,CAT,S,EDGX,1556
2021/01/29,CAT,S,BATS,2075
2021/01/29,CAT,S,C2,637
2021/01/29,CAT,S,CBOE,4930
2021/01/29,CAT,S,EDGX,1664
2021/02/01,CAT,S,BATS,1347
2021/02/01,CAT,S,C2,262
2021/02/01,CAT,S,CBOE,1756
2021/02/01,CAT,S,EDGX,460
2021/02/02,CAT,S,BATS,3635
2021/02/02,CAT,S,C2,752
2021/02/02,CAT,S,CBOE,3784
2021/02/02,CAT,S,EDGX,854
2021/02/03,CAT,S,BATS,692
2021/02/03,CAT,S,C2,144
2021/02/03,CAT,S,CBOE,2119
2021/02/03,CAT,S,EDGX,401
2021/02/04,CAT,S,BATS,1959
2021/02/04,CAT,S,C2,592
2021/02/04,CAT,S,CBOE,2998
2021/02/04,CAT,S,EDGX,684
2021/02/05,CAT,S,BATS,1708
2021/02/05,CAT,S,C2,604
2021/02/05,CAT,S,CBOE,2904
2021/02/05,CAT,S,EDGX,830
2021/02/08,CAT,S,BATS,2386
2021/02/08,CAT,S,C2,386
2021/02/08,CAT,S,CBOE,3853
2021/02/08,CAT,S,EDGX,882
2021/02/09,CAT,S,BATS,1478
2021/02/09,CAT,S,C2,283
2021/02/09,CAT,S,CBOE,2121
2021/02/09,CAT,S,EDGX,527
2021/02/10,CAT,S,BATS,2339
2021/02/10,CAT,S,C2,309
2021/02/10,CAT,S,CBOE,1640
2021/02/10,CAT,S,EDGX,477
2021/02/11,CAT,S,BATS,1354
2021/02/11,CAT,S,C2,662
2021/02/11,CAT,S,CBOE,2037
2021/02/11,CAT,S,EDGX,580
2021/02/12,CAT,S,BATS,768
2021/02/12,CAT,S,C2,201
2021/02/12,CAT,S,CBOE,2650
2021/02/12,CAT,S,EDGX,276
2021/02/16,CAT,S,BATS,2226
2021/02/16,CAT,S,C2,575
2021/02/16,CAT,S,CBOE,2884
2021/02/16,CAT,S,EDGX,899
2021/02/17,CAT,S,BATS,953
2021/02/17,CAT,S,C2,403
2021/02/17,CAT,S,CBOE,1705
2021/02/17,CAT,S,EDGX,487
2021/02/18,CAT,S,BATS,1234
2021/02/18,CAT,S,C2,407
2021/02/18,CAT,S,CBOE,2432
2021/02/18,CAT,S,EDGX,483
2021/02/19,CAT,S,BATS,3135
2021/02/19,CAT,S,C2,1038
2021/02/19,CAT,S,CBOE,6655
2021/02/19,CAT,S,EDGX,1954
2021/02/22,CAT,S,BATS,1586
2021/02/22,CAT,S,C2,620
2021/02/22,CAT,S,CBOE,6018
2021/02/22,CAT,S,EDGX,1074
2021/02/23,CAT,S,BATS,1227
2021/02/23,CAT,S,C2,727
2021/02/23,CAT,S,CBOE,2921
2021/02/23,CAT,S,EDGX,654
2021/02/24,CAT,S,BATS,3573
2021/02/24,CAT,S,C2,868
2021/02/24,CAT,S,CBOE,6510
2021/02/24,CAT,S,EDGX,1524
2021/02/25,CAT,S,BATS,2542
2021/02/25,CAT,S,C2,595
2021/02/25,CAT,S,CBOE,3393
2021/02/25,CAT,S,EDGX,544
2021/02/26,CAT,S,BATS,2148
2021/02/26,CAT,S,C2,403
2021/02/26,CAT,S,CBOE,4261
2021/02/26,CAT,S,EDGX,757
2021/03/01,CAT,S,BATS,1103
2021/03/01,CAT,S,C2,262
2021/03/01,CAT,S,CBOE,1886
2021/03/01,CAT,S,EDGX,422
2021/03/02,CAT,S,BATS,1155
2021/03/02,CAT,S,C2,168
2021/03/02,CAT,S,CBOE,1833
2021/03/02,CAT,S,EDGX,312
2021/03/03,CAT,S,BATS,1341
2021/03/03,CAT,S,C2,257
2021/03/03,CAT,S,CBOE,1617
2021/03/03,CAT,S,EDGX,415
2021/03/04,CAT,S,BATS,1868
2021/03/04,CAT,S,C2,691
2021/03/04,CAT,S,CBOE,2591
2021/03/04,CAT,S,EDGX,666
2021/03/05,CAT,S,BATS,1348
2021/03/05,CAT,S,C2,535
2021/03/05,CAT,S,CBOE,2505
2021/03/05,CAT,S,EDGX,1323
2021/03/08,CAT,S,BATS,1955
2021/03/08,CAT,S,C2,304
2021/03/08,CAT,S,CBOE,3137
2021/03/08,CAT,S,EDGX,631
2021/03/09,CAT,S,BATS,829
2021/03/09,CAT,S,C2,313
2021/03/09,CAT,S,CBOE,1740
2021/03/09,CAT,S,EDGX,389
2021/03/10,CAT,S,BATS,1298
2021/03/10,CAT,S,C2,319
2021/03/10,CAT,S,CBOE,1865
2021/03/10,CAT,S,EDGX,525
2021/03/11,CAT,S,BATS,1391
2021/03/11,CAT,S,C2,920
2021/03/11,CAT,S,CBOE,2135
2021/03/11,CAT,S,EDGX,742
2021/03/12,CAT,S,BATS,4632
2021/03/12,CAT,S,C2,1155
2021/03/12,CAT,S,CBOE,5736
2021/03/12,CAT,S,EDGX,1720
2021/03/15,CAT,S,BATS,2291
2021/03/15,CAT,S,C2,731
2021/03/15,CAT,S,CBOE,2882
2021/03/15,CAT,S,EDGX,909
2021/03/16,CAT,S,BATS,1527
2021/03/16,CAT,S,C2,496
2021/03/16,CAT,S,CBOE,2265
2021/03/16,CAT,S,EDGX,506
2021/03/17,CAT,S,BATS,2177
2021/03/17,CAT,S,C2,865
2021/03/17,CAT,S,CBOE,8002
2021/03/17,CAT,S,EDGX,918
2021/03/18,CAT,S,BATS,1966
2021/03/18,CAT,S,C2,801
2021/03/18,CAT,S,CBOE,6983
2021/03/18,CAT,S,EDGX,902
2021/03/19,CAT,S,BATS,1810
2021/03/19,CAT,S,C2,965
2021/03/19,CAT,S,CBOE,6247
2021/03/19,CAT,S,EDGX,542
2021/03/22,CAT,S,BATS,1485
2021/03/22,CAT,S,C2,426
2021/03/22,CAT,S,CBOE,2215
2021/03/22,CAT,S,EDGX,517
2021/03/23,CAT,S,BATS,1971
2021/03/23,CAT,S,C2,698
2021/03/23,CAT,S,CBOE,3760
2021/03/23,CAT,S,EDGX,678
2021/03/24,CAT,S,BATS,4466
2021/03/24,CAT,S,C2,953
2021/03/24,CAT,S,CBOE,6167
2021/03/24,CAT,S,EDGX,4033
2021/03/25,CAT,S,BATS,2129
2021/03/25,CAT,S,C2,906
2021/03/25,CAT,S,CBOE,4146
2021/03/25,CAT,S,EDGX,568
2021/03/26,CAT,S,BATS,2577
2021/03/26,CAT,S,C2,1105
2021/03/26,CAT,S,CBOE,6031
2021/03/26,CAT,S,EDGX,1137
2021/03/29,CAT,S,BATS,1904
2021/03/29,CAT,S,C2,575
2021/03/29,CAT,S,CBOE,2954
2021/03/29,CAT,S,EDGX,1313
2021/03/30,CAT,S,BATS,2146
2021/03/30,CAT,S,C2,591
2021/03/30,CAT,S,CBOE,4048
2021/03/30,CAT,S,EDGX,805
2021/03/31,CAT,S,BATS,2086
2021/03/31,CAT,S,C2,1056
2021/03/31,CAT,S,CBOE,5757
2021/03/31,CAT,S,EDGX,873
2021/04/01,CAT,S,BATS,2717
2021/04/01,CAT,S,C2,1323
2021/04/01,CAT,S,CBOE,5891
2021/04/01,CAT,S,EDGX,1271
2021/04/05,CAT,S,BATS,1747
2021/04/05,CAT,S,C2,673
2021/04/05,CAT,S,CBOE,3432
2021/04/05,CAT,S,EDGX,1143
2021/04/06,CAT,S,BATS,2170
2021/04/06,CAT,S,C2,1162
2021/04/06,CAT,S,CBOE,3152
2021/04/06,CAT,S,EDGX,561
2021/04/07,CAT,S,BATS,1028
2021/04/07,CAT,S,C2,428
2021/04/07,CAT,S,CBOE,1334
2021/04/07,CAT,S,EDGX,325
2021/04/08,CAT,S,BATS,1483
2021/04/08,CAT,S,C2,1044
2021/04/08,CAT,S,CBOE,2503
2021/04/08,CAT,S,EDGX,790
2021/04/09,CAT,S,BATS,1707
2021/04/09,CAT,S,C2,914
2021/04/09,CAT,S,CBOE,4386
2021/04/09,CAT,S,EDGX,1445
2021/04/12,CAT,S,BATS,1143
2021/04/12,CAT,S,C2,398
2021/04/12,CAT,S,CBOE,3202
2021/04/12,CAT,S,EDGX,505
2021/04/13,CAT,S,BATS,1133
2021/04/13,CAT,S,C2,397
2021/04/13,CAT,S,CBOE,3795
2021/04/13,CAT,S,EDGX,960
2021/04/14,CAT,S,BATS,1431
2021/04/14,CAT,S,C2,621
2021/04/14,CAT,S,CBOE,2926
2021/04/14,CAT,S,EDGX,825
2021/04/15,CAT,S,BATS,1005
2021/04/15,CAT,S,C2,623
2021/04/15,CAT,S,CBOE,2071
2021/04/15,CAT,S,EDGX,616
2021/04/16,CAT,S,BATS,1689
2021/04/16,CAT,S,C2,949
2021/04/16,CAT,S,CBOE,3975
2021/04/16,CAT,S,EDGX,3091
2021/04/19,CAT,S,BATS,849
2021/04/19,CAT,S,C2,495
2021/04/19,CAT,S,CBOE,3278
2021/04/19,CAT,S,EDGX,540
2021/04/20,CAT,S,BATS,1468
2021/04/20,CAT,S,C2,644
2021/04/20,CAT,S,CBOE,2716
2021/04/20,CAT,S,EDGX,710
2021/04/21,CAT,S,BATS,1663
2021/04/21,CAT,S,C2,593
2021/04/21,CAT,S,CBOE,2467
2021/04/21,CAT,S,EDGX,516
2021/04/22,CAT,S,BATS,1495
2021/04/22,CAT,S,C2,658
2021/04/22,CAT,S,CBOE,6206
2021/04/22,CAT,S,EDGX,834
2021/04/23,CAT,S,BATS,900
2021/04/23,CAT,S,C2,690
2021/04/23,CAT,S,CBOE,3876
2021/04/23,CAT,S,EDGX,918
2021/04/26,CAT,S,BATS,876
2021/04/26,CAT,S,C2,353
2021/04/26,CAT,S,CBOE,1416
2021/04/26,CAT,S,EDGX,343
2021/04/27,CAT,S,BATS,671
2021/04/27,CAT,S,C2,244
2021/04/27,CAT,S,CBOE,1733
2021/04/27,CAT,S,EDGX,193
2021/04/28,CAT,S,BATS,1745
2021/04/28,CAT,S,C2,1182
2021/04/28,CAT,S,CBOE,7608
2021/04/28,CAT,S,EDGX,1930
2021/04/29,CAT,S,BATS,4615
2021/04/29,CAT,S,C2,2456
2021/04/29,CAT,S,CBOE,7317
2021/04/29,CAT,S,EDGX,2526
2021/04/30,CAT,S,BATS,2411
2021/04/30,CAT,S,C2,1359
2021/04/30,CAT,S,CBOE,4862
2021/04/30,CAT,S,EDGX,1808
